INSERT INTO Organization
(id, version, name, full_name, inn, kpp, address, phone, is_active)
VALUE

(1, 0, 'Doofenshmirtz Evil', 'Doofenshmirtz Evil Inc.Corporated', 111111111111, 111111111, 'ул. Зловещая, 5, Денвил', '3(343) 123-42-99', True),
(2, 0, 'Umbrella', 'Umbrella Corporation', 123456789123, 123456789, 'ул. Суздальская, 46, Москва', '8 (495) 150-03-05', True),
(3, 0, 'ООО МояОборона', 7802263053, 780201001, 'ОБЩЕСТВО С ОГРАНИЧЕННОЙ ОТВЕТСТВЕННОСТЬЮ "МОЯ ОБОРОНА"','г. Санкт-Петербург, ул. Рашетова, д. 6 литера А пом. 12Н', True);

INSERT INTO Office
(id, version, name, address, phone, is_active, org_id)
VALUE
(1, 0, 'Фабрика', 'ул. Зловещая, 5, г. Денвил', '8-888-111-22-33', True, 1),
(2, 0, 'Фабрика', 'ул. Страшная, 6, г. Денвил', '8-888-222-22-33', True, 1),
(3, 0, 'Лаборатория', 'ул. Суздальская, 46, г. Москва', '8-333-234-65-55', True, 2),
(4, 0, 'Центральный офис', 'ул. Рабочая, 11, г. Ногинск', '8-333-907-43-55', True, 2),
(5, 0, 'Центральный офис', 'г. Санкт-Петербург, ул. Рашетова, д. 6 литера А пом. 12Н', '8-343-677-33-54', True, 3),
(6, 0, 'Дирекция', 'ул. Карла Маркса, 33, г. Москва', '8-643-008-41-45', True, 3);

INSERT INTO User
(id, version, first_name, middle_name, last_name, position, phone, address, is_identified, office_id, doc_code, citizenship_code)
VALUE
(1, 0, 'Сергей', 'Сергеевич', 'Прохоров', 'Помощник', '22-22-22', 'г. Денвил, ул. Холодная, 1', True, 1, 1, 895),
(2, 0, 'Семен', 'Семенович', 'Сементий', 'Архитектор', '12-34-56', 'г. Денвил, ул. Теплая, 2', True, 1, 1, 032),
(3, 0, 'Дмитрий', 'Дмитриевич', 'Коновалов', 'Инженер', '32-66-11', 'г. Денвил, ул. Соленая, 3', True, 2, 1, 356),
(4, 0, 'Артур', 'Павлович', 'Андропов', 'Копирайтер', '33-12-35', 'г. Денвил, ул. Горькая, 11', True, 2, 1, 356),
(5, 0, 'Николай', 'Васильевич', 'Тополь', 'Алхимик', '43-99-00', 'г. Москва, ул. Северная, 12', True, 3, 1, 895),
(6, 0, 'Лев', 'Николаевич', 'Простой', 'Младший старшина', '00-00-01', 'г. Москва, ул. Южная, 21', True, 3, 1, 032),
(7, 0, 'Михаил', 'Афанасьевич', 'Пулькагов', 'Охранник', '11-00-11', 'г. Ногинск, ул. Рабочая, 1', True, 4, 1, 895),
(8, 0, 'Александр', 'Сергеевич', 'Клюшкин', 'Директор', '33-08-45', 'г. Ногинск, ул. Рабочая, 2', True, 4, 1, 408),
(9, 0, 'Адрей', 'Андреевич', 'Неживой', 'Секретарь', '43-07-32', 'г. Санкт-Петербург, ул. Пролетарская, 11', True, 5, 1, 408),
(10, 0, 'Георг', 'Фридрих', 'Шопенгауэр', 'Почтальон', '12-32-33', 'г. Москва, ул. Дмитривская, 77', True, 6, 1, 578);

INSERT INTO Docs
(code, name, number, date, version)
VALUE
(1, 'Паспорт иностранного гражданина', 2132434678, '1995-03-03', 0),
(2, 'Военный билет', 2122434678, '1993-03-03', 0),
(3, 'Военный билет', 2132134678, '1995-22-03', 0),
(4, 'Паспорт иностранного гражданина', 2132434478, '1995-03-11', 0),
(5, 'Удостоверение беженца', 3332434678, '1995-03-03', 0),
(6, 'Свитедельство о рождении', 2132434678, '2001-02-02', 0),
(7, 'Удостоверение беженца', 2132433378, '1998-01-01', 0),
(8, 'Свитедельство о рождении', 1132434678, '1990-10-10', 0),
(9, 'Свитедельство о рождении', 2132431118, '1999-11-11', 0),
(10, 'Свитедельство о рождении',2132434111, '2002-03-03', 0);

INSERT INTO Country
(code, name , version)
VALUE
(895, 'Абхазияб', 0),
(032, 'Аргентина', 0),
(112, 'Белоруссия', 0),
(100, 'Болгария', 0),
(704, 'Вьетнам', 0),
(276, 'Германия', 0),
(356, 'Индия', 0),
(539, 'Ирландия', 0),
(408, 'КНДР', 0),
(498, 'Молдавия', 0),
(578, 'Норвегия', 0),

